,accuracy,loss,val_accuracy,val_loss
0,0.019062500447034836,4.7764201164245605,0.007083333563059568,4.788061618804932
